<?xml version="1.0" encoding="UTF-8"?>
<!DOCTYPE mapper
 PUBLIC "-//mybatis.org//DTD Mapper 3.0//EN"
 "https://mybatis.org/dtd/mybatis-3-mapper.dtd">
<mapper namespace="Member">
	<!--  "SELECT COUNT(*) FROM TBL_MEMBER WHERE USERID=?" -->
	<select id="checkId" parameterType="string" resultType="_int">
		SELECT COUNT(*) FROM TBL_MEMBER WHERE USERID=#{userid}
	</select>	
	
	<insert id="join" parameterType="com.codingbox.web.dto.MemberDTO">
		INSERT INTO TBL_MEMBER VALUES 
		(#{userid} ,#{userpw},#{username},#{usergender},#{userphone}, #{zipcode}, #{addr}, #{addrdetail}, #{addrdetc})
	</insert>
	
	<select id="login" parameterType="hashmap" resultType="com.codingbox.web.dto.MemberDTO">
		SELECT * FROM TBL_MEMBER WHERE USERID =#{userid} AND USERPW =#{userpw}
	</select>
	
	<select id="searchById" parameterType="string" resultType="com.codingbox.web.dto.MemberDTO">
		SELECT * FROM TBL_MEMBER WHERE USERID = #{userid}
	</select>
	
	<select id="getList" resultType="com.codingbox.web.dto.MemberDTO">
		SELECT * FROM TBL_MEMBER
	</select>
</mapper>











