<?xml version="1.0" encoding="UTF-8"?>
<!DOCTYPE mapper
 PUBLIC "-//mybatis.org//DTD Mapper 3.0//EN"
 "https://mybatis.org/dtd/mybatis-3-mapper.dtd">
<mapper namespace="Board">
	<select id="getBoardList" resultType="boarddto" parameterType="hashmap">
		SELECT * FROM (
			SELECT rownum r , a.* FROM 
			(SELECT * FROM TBL_BOARD ORDER BY BOARDNUM DESC) a) b
		WHERE b.r BETWEEN #{startRow} AND #{endRow}
	</select>
	
	<select id="getBoardCnt" resultType="_int">
		SELECT COUNT(*) FROM TBL_BOARD
	</select>
	
	<insert id="insertBoard" parameterType="boarddto">
		INSERT INTO TBL_BOARD VALUES
		(board_seq.nextval, #{boardtitle},#{boardcontents}
			,#{username},sysdate,0 )
	</insert>
	
	<select id="getDetail" parameterType="_int" resultType="boarddto">
		SELECT * FROM TBL_BOARD WHERE BOARDNUM = #{boardnum}
	</select>
	
	<update id="updateReadCount" parameterType="_int">
		UPDATE TBL_BOARD SET BOARDREADCOUNT = BOARDREADCOUNT + 1
		WHERE BOARDNUM = #{boardnum}
	</update>
	
	<insert id="addReply" parameterType="replydto">
		INSERT INTO TBL_REPLY VALUES
		(reply_seq.nextval, #{replycontents}, 
					#{username},#{password},#{boardnum})
	</insert>
	
	<select id="getReplys" parameterType="_int" resultType="replydto">
		SELECT * FROM TBL_REPLY WHERE BOARDNUM = #{boardnum}
	</select>
	
	<update id="updateReply" parameterType="hashmap">
		UPDATE TBL_REPLY SET REPLYCONTENTS = #{replycontents}
		WHERE REPLYNUM = #{replynum}
	</update>
	
	<delete id="deleteReply" parameterType="_int">
		DELETE FROM TBL_REPLY WHERE replynum = #{replynum}
	</delete>
</mapper>
 
 
 
 
 
 
 
 
 
 
 
 